[Header],,,,,,,,,,,,,
IEMFileVersion,4,,,,,,,,,,,,
Date,%(today)s,,,,,,,,,,,,
Workflow,GenerateFASTQ,,,,,,,,,,,,
Application,HiSeq FASTQ Only,,,,,,,,,,,,
Assay,TruSeq HT,,,,,,,,,,,,
Description,,,,,,,,,,,,,
Chemistry,Amplicon,,,,,,,,,,,,
,,,,,,,,,,,,,
[Reads],,,,,,,,,,,,,
101,,,,,,,,,,,,,
,,,,,,,,,,,,,
[Settings],,,,,,,,,,,,,
ReverseComplement,0,,,,,,,,,,,,
Adapter,AGATCGGAAGAGCACACGTCTGAACTCCAGTCA,,,,,,,,,,,,
AdapterRead2,AGATCGGAAGAGCGTCGTGTAGGGAAAGAGTGT,,,,,,,,,,,,
[Data],,,,,,,,,,,,,